image_path,source_video,frame_number,timestamp,category,annotation_status
frame_000000.jpg,17929886-uhd_3840_2160_59fps_compressed.mp4,0,0.0,waterlogging_positive,ANNOTATED
frame_000029.jpg,17929886-uhd_3840_2160_59fps_compressed.mp4,29,0.494,waterlogging_positive,ANNOTATED
frame_000058.jpg,17929886-uhd_3840_2160_59fps_compressed.mp4,58,0.988,waterlogging_positive,ANNOTATED
frame_000087.jpg,17929886-uhd_3840_2160_59fps_compressed.mp4,87,1.482,waterlogging_positive,ANNOTATED
frame_000116.jpg,17929886-uhd_3840_2160_59fps_compressed.mp4,116,1.976,waterlogging_positive,ANNOTATED
frame_000145.jpg,17929886-uhd_3840_2160_59fps_compressed.mp4,145,2.47,waterlogging_positive,ANNOTATED
frame_000174.jpg,17929886-uhd_3840_2160_59fps_compressed.mp4,174,2.964,waterlogging_positive,ANNOTATED
frame_000203.jpg,17929886-uhd_3840_2160_59fps_compressed.mp4,203,3.458,waterlogging_positive,ANNOTATED
frame_000232.jpg,17929886-uhd_3840_2160_59fps_compressed.mp4,232,3.952,waterlogging_positive,ANNOTATED
frame_000261.jpg,17929886-uhd_3840_2160_59fps_compressed.mp4,261,4.446,waterlogging_positive,ANNOTATED
frame_000290.jpg,17929886-uhd_3840_2160_59fps_compressed.mp4,290,4.94,waterlogging_positive,ANNOTATED
frame_000319.jpg,17929886-uhd_3840_2160_59fps_compressed.mp4,319,5.434,waterlogging_positive,ANNOTATED
frame_000348.jpg,17929886-uhd_3840_2160_59fps_compressed.mp4,348,5.928,waterlogging_positive,ANNOTATED
frame_000377.jpg,17929886-uhd_3840_2160_59fps_compressed.mp4,377,6.422,waterlogging_positive,ANNOTATED
frame_000406.jpg,17929886-uhd_3840_2160_59fps_compressed.mp4,406,6.916,waterlogging_positive,ANNOTATED
frame_000435.jpg,17929886-uhd_3840_2160_59fps_compressed.mp4,435,7.41,waterlogging_positive,ANNOTATED
frame_000464.jpg,17929886-uhd_3840_2160_59fps_compressed.mp4,464,7.904,waterlogging_positive,ANNOTATED
frame_000493.jpg,17929886-uhd_3840_2160_59fps_compressed.mp4,493,8.398,waterlogging_positive,ANNOTATED
frame_000522.jpg,17929886-uhd_3840_2160_59fps_compressed.mp4,522,8.892,waterlogging_positive,ANNOTATED
frame_000551.jpg,17929886-uhd_3840_2160_59fps_compressed.mp4,551,9.386,waterlogging_positive,ANNOTATED
frame_000580.jpg,17929886-uhd_3840_2160_59fps_compressed.mp4,580,9.88,waterlogging_positive,ANNOTATED
frame_000609.jpg,17929886-uhd_3840_2160_59fps_compressed.mp4,609,10.374,waterlogging_positive,ANNOTATED
frame_000638.jpg,17929886-uhd_3840_2160_59fps_compressed.mp4,638,10.868,waterlogging_positive,ANNOTATED
frame_000667.jpg,17929886-uhd_3840_2160_59fps_compressed.mp4,667,11.362,waterlogging_positive,ANNOTATED
frame_000696.jpg,17929886-uhd_3840_2160_59fps_compressed.mp4,696,11.856,waterlogging_positive,ANNOTATED
frame_000725.jpg,17929886-uhd_3840_2160_59fps_compressed.mp4,725,12.35,waterlogging_positive,ANNOTATED
frame_000754.jpg,17929886-uhd_3840_2160_59fps_compressed.mp4,754,12.844,waterlogging_positive,ANNOTATED
frame_000783.jpg,17929886-uhd_3840_2160_59fps_compressed.mp4,783,13.338,waterlogging_positive,ANNOTATED
frame_000812.jpg,17929886-uhd_3840_2160_59fps_compressed.mp4,812,13.832,waterlogging_positive,ANNOTATED
frame_000841.jpg,17929886-uhd_3840_2160_59fps_compressed.mp4,841,14.326,waterlogging_positive,ANNOTATED
frame_000870.jpg,17929886-uhd_3840_2160_59fps_compressed.mp4,870,14.82,waterlogging_positive,ANNOTATED
frame_000899.jpg,17929886-uhd_3840_2160_59fps_compressed.mp4,899,15.314,waterlogging_positive,ANNOTATED
frame_000928.jpg,17929886-uhd_3840_2160_59fps_compressed.mp4,928,15.808,waterlogging_positive,ANNOTATED
frame_000957.jpg,17929886-uhd_3840_2160_59fps_compressed.mp4,957,16.302,waterlogging_positive,ANNOTATED
frame_000986.jpg,17929886-uhd_3840_2160_59fps_compressed.mp4,986,16.796,waterlogging_positive,ANNOTATED
frame_001015.jpg,17929886-uhd_3840_2160_59fps_compressed.mp4,1015,17.29,waterlogging_positive,ANNOTATED
frame_001044.jpg,17929886-uhd_3840_2160_59fps_compressed.mp4,1044,17.784,waterlogging_positive,ANNOTATED
frame_001073.jpg,17929886-uhd_3840_2160_59fps_compressed.mp4,1073,18.278,waterlogging_positive,ANNOTATED
frame_001102.jpg,17929886-uhd_3840_2160_59fps_compressed.mp4,1102,18.772,waterlogging_positive,ANNOTATED
frame_001131.jpg,17929886-uhd_3840_2160_59fps_compressed.mp4,1131,19.266,waterlogging_positive,ANNOTATED
frame_001160.jpg,17929886-uhd_3840_2160_59fps_compressed.mp4,1160,19.76,waterlogging_positive,ANNOTATED
frame_001189.jpg,17929886-uhd_3840_2160_59fps_compressed.mp4,1189,20.254,waterlogging_positive,ANNOTATED
frame_001218.jpg,17929886-uhd_3840_2160_59fps_compressed.mp4,1218,20.749,waterlogging_positive,ANNOTATED
frame_001247.jpg,17929886-uhd_3840_2160_59fps_compressed.mp4,1247,21.243,waterlogging_positive,ANNOTATED
frame_001276.jpg,17929886-uhd_3840_2160_59fps_compressed.mp4,1276,21.737,waterlogging_positive,ANNOTATED
frame_001305.jpg,17929886-uhd_3840_2160_59fps_compressed.mp4,1305,22.231,waterlogging_positive,ANNOTATED
frame_001334.jpg,17929886-uhd_3840_2160_59fps_compressed.mp4,1334,22.725,waterlogging_positive,ANNOTATED
frame_001363.jpg,17929886-uhd_3840_2160_59fps_compressed.mp4,1363,23.219,waterlogging_positive,ANNOTATED
frame_001392.jpg,17929886-uhd_3840_2160_59fps_compressed.mp4,1392,23.713,waterlogging_positive,ANNOTATED
frame_001421.jpg,17929886-uhd_3840_2160_59fps_compressed.mp4,1421,24.207,waterlogging_positive,ANNOTATED
frame_001450.jpg,17929886-uhd_3840_2160_59fps_compressed.mp4,1450,24.701,waterlogging_positive,ANNOTATED
frame_001479.jpg,17929886-uhd_3840_2160_59fps_compressed.mp4,1479,25.195,waterlogging_positive,ANNOTATED
frame_001508.jpg,17929886-uhd_3840_2160_59fps_compressed.mp4,1508,25.689,waterlogging_positive,ANNOTATED
frame_001537.jpg,17929886-uhd_3840_2160_59fps_compressed.mp4,1537,26.183,waterlogging_positive,ANNOTATED
frame_001566.jpg,17929886-uhd_3840_2160_59fps_compressed.mp4,1566,26.677,waterlogging_positive,ANNOTATED
frame_001595.jpg,17929886-uhd_3840_2160_59fps_compressed.mp4,1595,27.171,waterlogging_positive,ANNOTATED
frame_001624.jpg,17929886-uhd_3840_2160_59fps_compressed.mp4,1624,27.665,waterlogging_positive,ANNOTATED
frame_001653.jpg,17929886-uhd_3840_2160_59fps_compressed.mp4,1653,28.159,waterlogging_positive,ANNOTATED
frame_001682.jpg,17929886-uhd_3840_2160_59fps_compressed.mp4,1682,28.653,waterlogging_positive,ANNOTATED
frame_001711.jpg,17929886-uhd_3840_2160_59fps_compressed.mp4,1711,29.147,waterlogging_positive,ANNOTATED
frame_001740.jpg,17929886-uhd_3840_2160_59fps_compressed.mp4,1740,29.641,waterlogging_positive,ANNOTATED
frame_001769.jpg,17929886-uhd_3840_2160_59fps_compressed.mp4,1769,30.135,waterlogging_positive,ANNOTATED
frame_001798.jpg,17929886-uhd_3840_2160_59fps_compressed.mp4,1798,30.629,waterlogging_positive,ANNOTATED
frame_001827.jpg,17929886-uhd_3840_2160_59fps_compressed.mp4,1827,31.123,waterlogging_positive,ANNOTATED
frame_001856.jpg,17929886-uhd_3840_2160_59fps_compressed.mp4,1856,31.617,waterlogging_positive,ANNOTATED
frame_001885.jpg,17929886-uhd_3840_2160_59fps_compressed.mp4,1885,32.111,waterlogging_positive,ANNOTATED
frame_001914.jpg,17929886-uhd_3840_2160_59fps_compressed.mp4,1914,32.605,waterlogging_positive,ANNOTATED
frame_001943.jpg,17929886-uhd_3840_2160_59fps_compressed.mp4,1943,33.099,waterlogging_positive,ANNOTATED
frame_001972.jpg,17929886-uhd_3840_2160_59fps_compressed.mp4,1972,33.593,waterlogging_positive,ANNOTATED
frame_002001.jpg,17929886-uhd_3840_2160_59fps_compressed.mp4,2001,34.087,waterlogging_positive,ANNOTATED
frame_002030.jpg,17929886-uhd_3840_2160_59fps_compressed.mp4,2030,34.581,waterlogging_positive,ANNOTATED
frame_002059.jpg,17929886-uhd_3840_2160_59fps_compressed.mp4,2059,35.075,waterlogging_positive,ANNOTATED
frame_002088.jpg,17929886-uhd_3840_2160_59fps_compressed.mp4,2088,35.569,waterlogging_positive,ANNOTATED
frame_002117.jpg,17929886-uhd_3840_2160_59fps_compressed.mp4,2117,36.063,waterlogging_positive,ANNOTATED
frame_002146.jpg,17929886-uhd_3840_2160_59fps_compressed.mp4,2146,36.557,waterlogging_positive,ANNOTATED
frame_002175.jpg,17929886-uhd_3840_2160_59fps_compressed.mp4,2175,37.051,waterlogging_positive,ANNOTATED
frame_002204.jpg,17929886-uhd_3840_2160_59fps_compressed.mp4,2204,37.545,waterlogging_positive,ANNOTATED
frame_002233.jpg,17929886-uhd_3840_2160_59fps_compressed.mp4,2233,38.039,waterlogging_positive,ANNOTATED
frame_002262.jpg,17929886-uhd_3840_2160_59fps_compressed.mp4,2262,38.533,waterlogging_positive,ANNOTATED
frame_002291.jpg,17929886-uhd_3840_2160_59fps_compressed.mp4,2291,39.027,waterlogging_positive,ANNOTATED
frame_002320.jpg,17929886-uhd_3840_2160_59fps_compressed.mp4,2320,39.521,waterlogging_positive,ANNOTATED
frame_002349.jpg,17929886-uhd_3840_2160_59fps_compressed.mp4,2349,40.015,waterlogging_positive,ANNOTATED
frame_002378.jpg,17929886-uhd_3840_2160_59fps_compressed.mp4,2378,40.509,waterlogging_positive,ANNOTATED
frame_002407.jpg,17929886-uhd_3840_2160_59fps_compressed.mp4,2407,41.003,waterlogging_positive,ANNOTATED
frame_002436.jpg,17929886-uhd_3840_2160_59fps_compressed.mp4,2436,41.497,waterlogging_positive,ANNOTATED
frame_002465.jpg,17929886-uhd_3840_2160_59fps_compressed.mp4,2465,41.991,waterlogging_positive,ANNOTATED
frame_002494.jpg,17929886-uhd_3840_2160_59fps_compressed.mp4,2494,42.485,waterlogging_positive,ANNOTATED
frame_002523.jpg,17929886-uhd_3840_2160_59fps_compressed.mp4,2523,42.979,waterlogging_positive,ANNOTATED
frame_002552.jpg,17929886-uhd_3840_2160_59fps_compressed.mp4,2552,43.473,waterlogging_positive,ANNOTATED
frame_002581.jpg,17929886-uhd_3840_2160_59fps_compressed.mp4,2581,43.967,waterlogging_positive,ANNOTATED
frame_002610.jpg,17929886-uhd_3840_2160_59fps_compressed.mp4,2610,44.461,waterlogging_positive,ANNOTATED
frame_002639.jpg,17929886-uhd_3840_2160_59fps_compressed.mp4,2639,44.955,waterlogging_positive,ANNOTATED
frame_002668.jpg,17929886-uhd_3840_2160_59fps_compressed.mp4,2668,45.449,waterlogging_positive,ANNOTATED
frame_002697.jpg,17929886-uhd_3840_2160_59fps_compressed.mp4,2697,45.943,waterlogging_positive,ANNOTATED
frame_002726.jpg,17929886-uhd_3840_2160_59fps_compressed.mp4,2726,46.437,waterlogging_positive,ANNOTATED
